[Header],,,,,,,,,,
IEMFileVersion,4,,,,,,,,,
ExperimentName,112322-SP-fc1,,,,,,,,,
Date,1/24/2023,,,,,,,,,
Workflow,GenerateFASTQ,,,,,,,,,
Application,HiSeqFASTQOnly,,,,,,,,,
Assay,TruSeqHT,,,,,,,,,
Description,,,,,,,,,,
Chemistry,Default,,,,,,,,,
,,,,,,,,,,
[Reads],,,,,,,,,,
151,,,,,,,,,,
151,,,,,,,,,,
,,,,,,,,,,
[Settings],,,,,,,,,,
,,,,,,,,,,
[Data],,,,,,,,,,
Lane,Sample_ID,Sample_Name,Sample_Plate,Sample_Well,I7_Index_ID,index,I5_Index_ID,index2,Sample_Project,Description
1,ProjectID-01,,,,,ATATCTCG,,GTTAATTG,,
1,ProjectID-02,,,,,GCGCTCTA,,ACCGGCCA,,
1,ProjectID-03,,,,,AACAGGTT,,GGAGTACT,,
